firstName,lastName,dob,grade,class,email
Walter,Kelley,10/7/2015,6,5C,wkelley0@pinterest.com
Charles,Collins,4/23/2015,6,5C,ccollins1@gov.uk
Larry,Warren,4/15/2016,1,4C,lwarren2@marriott.com
Beverly,Stewart,4/3/2016,3,6A,bstewart3@engadget.com
Janet,Mccoy,8/6/2015,5,6D,jmccoy4@uol.com.br
Evelyn,Perez,6/19/2015,6,5A,eperez5@shareasale.com
Robert,Gonzalez,6/20/2015,6,4A,rgonzalez6@nba.com
Mildred,Roberts,1/19/2016,6,1C,mroberts7@friendfeed.com
Harold,Ward,11/21/2015,3,5B,hward8@privacy.gov.au
Earl,Bryant,10/15/2015,6,6A,ebryant9@aol.com
Heather,Howard,2/26/2016,6,6B,hhowarda@samsung.com
Randy,Crawford,5/27/2015,6,5C,rcrawfordb@salon.com
Diane,Richards,4/11/2016,6,5D,drichardsc@thetimes.co.uk
Joyce,Thompson,3/16/2016,2,3D,jthompsond@mysql.com
Sharon,Jordan,4/30/2015,3,5D,sjordane@soundcloud.com
Nicole,Mills,11/30/2015,5,4D,nmillsf@ning.com
Timothy,Castillo,6/19/2015,6,1D,tcastillog@chronoengine.com
Lori,Lewis,12/14/2015,6,5D,llewish@ca.gov
Arthur,Duncan,11/12/2015,6,5B,aduncani@ebay.co.uk
Amy,Bennett,5/13/2015,3,4A,abennettj@mac.com
Martin,Meyer,9/12/2015,5,6B,mmeyerk@huffingtonpost.com
Samuel,Stone,3/9/2016,6,6A,sstonel@prnewswire.com
Jimmy,Brown,12/31/2015,1,6A,jbrownm@posterous.com
Marie,King,12/17/2015,5,6D,mkingn@latimes.com
Sarah,Little,7/5/2015,5,4C,slittleo@tinyurl.com
Linda,Moreno,11/15/2015,6,6A,lmorenop@multiply.com
Shirley,Stone,4/6/2016,6,6C,sstoneq@booking.com
Earl,Young,10/14/2015,6,5D,eyoungr@whitehouse.gov
Tammy,Lynch,11/21/2015,5,6C,tlynchs@mashable.com
Stephanie,Hall,5/28/2015,6,1A,shallt@ucsd.edu
Harry,Chavez,11/25/2015,6,2D,hchavezu@ihg.com
Joshua,Montgomery,11/1/2015,6,6C,jmontgomeryv@free.fr
Peter,Miller,9/19/2015,6,6A,pmillerw@yahoo.com
Norma,Knight,4/10/2016,6,6C,nknightx@wisc.edu
Michelle,Armstrong,4/27/2015,3,4D,marmstrongy@google.ru
Denise,Griffin,10/20/2015,4,6C,dgriffinz@wordpress.org
Cheryl,Dunn,5/30/2015,5,5D,cdunn10@guardian.co.uk
Pamela,Rodriguez,6/14/2015,6,3D,prodriguez11@army.mil
Andrea,Hall,7/7/2015,3,6D,ahall12@ox.ac.uk
Larry,Hall,6/16/2015,5,5C,lhall13@google.de
Martin,Hanson,5/4/2015,6,5D,mhanson14@slashdot.org
Thomas,Watson,3/5/2016,5,5A,twatson15@scientificamerican.com
Marilyn,Wilson,12/13/2015,6,6A,mwilson16@edublogs.org
Lori,Cooper,11/14/2015,6,5D,lcooper17@webeden.co.uk
Donald,Howell,12/31/2015,6,5A,dhowell18@skype.com
Peter,Morrison,3/1/2016,6,6D,pmorrison19@infoseek.co.jp
Angela,Ward,6/23/2015,6,6D,award1a@yandex.ru
Beverly,Hawkins,12/16/2015,4,3C,bhawkins1b@wikia.com
Susan,Sims,12/21/2015,6,6D,ssims1c@gravatar.com
Jason,Gomez,9/5/2015,5,6A,jgomez1d@home.pl
Chris,Burns,2/13/2016,5,6C,cburns1e@odnoklassniki.ru
Maria,Nichols,1/7/2016,5,6A,mnichols1f@home.pl
Mark,Burns,11/1/2015,5,4D,mburns1g@feedburner.com
Lisa,Griffin,9/25/2015,3,6A,lgriffin1h@nationalgeographic.com
Lillian,Bradley,9/2/2015,5,6A,lbradley1i@ca.gov
Wanda,Carter,9/13/2015,6,6C,wcarter1j@uol.com.br
Rachel,Stephens,9/7/2015,6,6D,rstephens1k@unicef.org
Steven,Kim,4/18/2015,6,6C,skim1l@opera.com
Terry,Bell,6/16/2015,5,6A,tbell1m@answers.com
Timothy,Pierce,11/9/2015,5,5C,tpierce1n@sun.com
Margaret,Fowler,5/16/2015,5,6C,mfowler1o@1und1.de
Betty,Olson,6/2/2015,4,5C,bolson1p@tuttocitta.it
Russell,Green,1/20/2016,5,6C,rgreen1q@sphinn.com
Ryan,Greene,7/12/2015,5,5D,rgreene1r@edublogs.org
Victor,Hanson,6/9/2015,5,5B,vhanson1s@cnet.com
Joshua,Lane,5/4/2015,6,6D,jlane1t@soup.io
Linda,Dean,4/10/2016,3,4D,ldean1u@weibo.com
Justin,Richards,9/3/2015,6,6C,jrichards1v@sourceforge.net
Rebecca,Ellis,5/3/2015,6,1B,rellis1w@mapy.cz
William,Lee,2/8/2016,6,6D,wlee1x@wordpress.org
Melissa,Black,12/25/2015,2,5B,mblack1y@t-online.de
Betty,Hamilton,11/20/2015,2,6A,bhamilton1z@netscape.com
Nicholas,Wright,4/2/2016,6,6C,nwright20@eepurl.com
Daniel,Robertson,8/17/2015,4,6D,drobertson21@census.gov
Clarence,Roberts,7/1/2015,5,5C,croberts22@shareasale.com
Julia,Brooks,11/19/2015,6,6D,jbrooks23@statcounter.com
Henry,Hughes,8/31/2015,3,1D,hhughes24@usatoday.com
Janet,Gonzales,8/19/2015,5,6D,jgonzales25@quantcast.com
Janet,Kelley,7/28/2015,6,6D,jkelley26@marriott.com
Michael,Evans,1/27/2016,6,6D,mevans27@themeforest.net
Ralph,Henry,8/5/2015,5,5D,rhenry28@kickstarter.com
Judy,Baker,12/8/2015,6,4D,jbaker29@washington.edu
Ryan,Rice,11/22/2015,3,6D,rrice2a@cbc.ca
Ronald,Castillo,2/27/2016,4,6C,rcastillo2b@wisc.edu
Kathleen,West,7/6/2015,6,5D,kwest2c@imgur.com
Lisa,Mason,12/18/2015,6,3D,lmason2d@nih.gov
Heather,Washington,12/13/2015,6,6B,hwashington2e@washingtonpost.com
Aaron,Richards,1/6/2016,5,5D,arichards2f@salon.com
Walter,Rose,10/23/2015,6,6B,wrose2g@bloglines.com
Christopher,Taylor,12/16/2015,4,3D,ctaylor2h@admin.ch
Sandra,Mcdonald,2/12/2016,6,4D,smcdonald2i@imgur.com
Jack,Watson,5/28/2015,5,5C,jwatson2j@studiopress.com
Pamela,Romero,6/21/2015,5,6C,promero2k@wordpress.com
Carolyn,Olson,9/27/2015,4,6D,colson2l@cnn.com
Terry,Cruz,8/1/2015,4,6D,tcruz2m@aboutads.info
Earl,Reynolds,3/25/2016,5,6D,ereynolds2n@mozilla.org
Donald,Mccoy,3/17/2016,6,5D,dmccoy2o@uiuc.edu
Edward,Thomas,3/26/2016,4,5C,ethomas2p@goo.ne.jp
Antonio,Lawson,12/3/2015,5,5D,alawson2q@privacy.gov.au
Sarah,Lawrence,10/13/2015,6,6A,slawrence2r@desdev.cn
Gloria,Foster,5/2/2015,6,6D,gfoster2s@blog.com
Alice,Payne,3/16/2016,6,2C,apayne2t@unc.edu
Matthew,Romero,3/4/2016,5,3D,mromero2u@wsj.com
Kevin,Russell,6/17/2015,6,4D,krussell2v@census.gov
Charles,Graham,4/9/2016,5,6D,cgraham2w@diigo.com
Ashley,Dunn,9/3/2015,5,6B,adunn2x@vinaora.com
Norma,Rodriguez,12/18/2015,6,5C,nrodriguez2y@google.fr
Sean,Cole,12/8/2015,4,5A,scole2z@alexa.com
Donald,Brown,6/11/2015,6,6B,dbrown30@hexun.com
Anna,Nichols,1/17/2016,4,6C,anichols31@unesco.org
Debra,Hicks,7/23/2015,4,6A,dhicks32@state.gov
Joseph,Romero,3/14/2016,4,5A,jromero33@princeton.edu
Fred,Jones,5/21/2015,6,4D,fjones34@nhs.uk
Juan,Murphy,9/15/2015,5,5D,jmurphy35@mayoclinic.com
Lillian,Matthews,3/27/2016,2,3C,lmatthews36@dot.gov
Frances,Lynch,12/18/2015,5,6B,flynch37@google.pl
Heather,Castillo,9/16/2015,5,5C,hcastillo38@mozilla.com
Victor,Burke,1/24/2016,6,6D,vburke39@google.de
Eugene,Ford,11/11/2015,2,5A,eford3a@e-recht24.de
Bobby,Brooks,5/29/2015,5,4D,bbrooks3b@about.me
Anthony,Richards,5/2/2015,4,6B,arichards3c@newsvine.com
Karen,Duncan,6/2/2015,6,6D,kduncan3d@dedecms.com
Catherine,Cooper,12/20/2015,4,6D,ccooper3e@ft.com
Jacqueline,Harper,10/8/2015,6,6C,jharper3f@zimbio.com
Amanda,Wright,8/29/2015,5,5D,awright3g@microsoft.com
Ruby,Hunt,4/19/2015,1,1D,rhunt3h@baidu.com
Diana,Reyes,9/26/2015,5,2D,dreyes3i@cnn.com
Kimberly,Thompson,11/10/2015,4,6D,kthompson3j@indiatimes.com
Emily,Williamson,5/10/2015,3,6C,ewilliamson3k@technorati.com
Ruby,Fox,3/5/2016,3,4C,rfox3l@arizona.edu
Donald,Hawkins,8/29/2015,5,3C,dhawkins3m@uiuc.edu
Christine,Rivera,9/18/2015,5,6D,crivera3n@apple.com
Lawrence,Hughes,8/25/2015,5,6D,lhughes3o@myspace.com
Harold,Hamilton,8/30/2015,1,6D,hhamilton3p@miitbeian.gov.cn
Alice,Fields,5/6/2015,6,5D,afields3q@youtube.com
Marie,Carr,2/25/2016,5,2C,mcarr3r@scientificamerican.com
Justin,Reid,1/3/2016,6,6C,jreid3s@usda.gov
Doris,Oliver,8/7/2015,6,5D,doliver3t@ask.com
Craig,Mitchell,8/1/2015,4,5B,cmitchell3u@merriam-webster.com
Lillian,Price,3/28/2016,5,6B,lprice3v@omniture.com
Christina,Wheeler,2/21/2016,5,5B,cwheeler3w@youku.com
Robert,Ross,11/3/2015,6,6D,rross3x@domainmarket.com
Jason,Banks,2/14/2016,6,5C,jbanks3y@uol.com.br
Judith,Torres,3/20/2016,6,6C,jtorres3z@mac.com
Patricia,Sanchez,8/23/2015,3,6D,psanchez40@bigcartel.com
Eric,Walker,4/4/2016,6,6C,ewalker41@reference.com
Lawrence,Bailey,4/2/2016,6,2B,lbailey42@cyberchimps.com
Debra,Myers,7/16/2015,6,5A,dmyers43@go.com
Brian,Torres,3/1/2016,5,5C,btorres44@wikispaces.com
Helen,Cook,9/9/2015,5,5D,hcook45@nba.com
James,James,7/28/2015,5,6D,jjames46@hp.com
Richard,Tucker,3/16/2016,3,5D,rtucker47@statcounter.com
Brandon,Gardner,4/6/2016,1,6D,bgardner48@newyorker.com
Ruby,Moreno,12/21/2015,6,6C,rmoreno49@alexa.com
Shawn,Ford,8/30/2015,6,5D,sford4a@yellowbook.com
Wanda,Ross,6/11/2015,6,6C,wross4b@webs.com
Alice,Murphy,3/2/2016,2,4B,amurphy4c@woothemes.com
Kenneth,Day,3/11/2016,6,6D,kday4d@tinypic.com
Susan,Williamson,3/9/2016,6,4D,swilliamson4e@washingtonpost.com
Brandon,Mills,8/23/2015,6,6B,bmills4f@wunderground.com
Irene,White,11/30/2015,4,6B,iwhite4g@admin.ch
Linda,Mills,1/17/2016,1,6A,lmills4h@aol.com
Norma,Burns,12/26/2015,6,6C,nburns4i@adobe.com
Brenda,Porter,5/28/2015,6,6D,bporter4j@comcast.net
Bruce,Mccoy,10/27/2015,6,5C,bmccoy4k@mashable.com
Raymond,Medina,4/7/2016,6,4D,rmedina4l@nationalgeographic.com
Antonio,Scott,10/9/2015,6,6D,ascott4m@miibeian.gov.cn
Kevin,Diaz,9/27/2015,4,4B,kdiaz4n@usgs.gov
Theresa,Kelly,3/18/2016,6,6A,tkelly4o@github.io
Frances,Carter,12/8/2015,3,5A,fcarter4p@php.net
Brian,Lawson,11/11/2015,4,6A,blawson4q@nba.com
Fred,Perry,2/12/2016,6,6B,fperry4r@indiatimes.com
Robert,Henderson,12/24/2015,5,6B,rhenderson4s@ted.com
Jose,Robertson,3/24/2016,6,4D,jrobertson4t@exblog.jp
Cheryl,Rose,12/14/2015,6,6A,crose4u@hud.gov
Jerry,Cole,8/25/2015,5,4D,jcole4v@ucla.edu
Cheryl,Phillips,7/4/2015,5,1D,cphillips4w@imgur.com
Raymond,Stevens,2/7/2016,5,6D,rstevens4x@quantcast.com
Carol,Sanders,5/7/2015,5,6C,csanders4y@weebly.com
Robin,Warren,1/21/2016,6,5A,rwarren4z@nbcnews.com
Johnny,Elliott,4/5/2016,6,1C,jelliott50@twitter.com
Fred,Castillo,11/14/2015,6,5D,fcastillo51@unblog.fr
Paul,Mcdonald,7/28/2015,6,6D,pmcdonald52@economist.com
Jessica,Welch,9/12/2015,6,6B,jwelch53@rediff.com
Earl,Lee,8/22/2015,6,6D,elee54@arizona.edu
Roy,Cooper,12/29/2015,6,6C,rcooper55@bigcartel.com
Jerry,Ferguson,12/2/2015,5,3D,jferguson56@theatlantic.com
Judy,Hanson,8/22/2015,6,6C,jhanson57@baidu.com
Helen,Matthews,4/25/2015,5,6D,hmatthews58@bing.com
Todd,Fields,12/13/2015,5,6D,tfields59@ask.com
Adam,Hicks,11/16/2015,6,3D,ahicks5a@virginia.edu
Ryan,Cole,8/25/2015,6,6D,rcole5b@spotify.com
Pamela,Carr,10/18/2015,6,6D,pcarr5c@independent.co.uk
Sharon,Simpson,12/21/2015,6,1D,ssimpson5d@europa.eu
Eric,Diaz,1/13/2016,5,3D,ediaz5e@narod.ru
Chris,Tucker,7/19/2015,6,4D,ctucker5f@stumbleupon.com
Amy,Rodriguez,4/8/2016,6,5D,arodriguez5g@jiathis.com
Mark,Shaw,3/25/2016,4,5D,mshaw5h@java.com
Melissa,Davis,9/21/2015,3,5C,mdavis5i@forbes.com
Janet,Little,9/9/2015,6,5D,jlittle5j@imgur.com
Roy,King,8/19/2015,6,5D,rking5k@state.tx.us
Julie,Ruiz,1/25/2016,6,5C,jruiz5l@utexas.edu
Michelle,Mendoza,9/4/2015,5,6C,mmendoza5m@businessinsider.com
Earl,White,6/18/2015,6,6D,ewhite5n@oracle.com
Kathryn,Garrett,8/6/2015,4,1B,kgarrett5o@wiley.com
Diane,Ramirez,10/7/2015,6,6A,dramirez5p@issuu.com
Peter,Moore,11/25/2015,6,6C,pmoore5q@webmd.com
Frank,Bradley,7/14/2015,6,6D,fbradley5r@google.pl
Paula,Banks,9/1/2015,5,6D,pbanks5s@theatlantic.com
Diane,Elliott,9/3/2015,6,5C,delliott5t@netscape.com
Evelyn,Ford,10/16/2015,4,6D,eford5u@fc2.com
Phyllis,Peterson,9/18/2015,6,5D,ppeterson5v@go.com
Andrea,Bell,4/4/2016,5,6C,abell5w@lulu.com
Phillip,Hill,2/15/2016,5,6C,phill5x@gov.uk
Sharon,Mccoy,12/23/2015,6,6D,smccoy5y@theguardian.com
Philip,Wells,12/6/2015,6,4D,pwells5z@ox.ac.uk
Clarence,Williams,12/11/2015,5,5D,cwilliams60@cdbaby.com
Marilyn,Jenkins,12/25/2015,6,3D,mjenkins61@is.gd
Richard,Greene,8/7/2015,6,6A,rgreene62@exblog.jp
Barbara,Cook,9/15/2015,6,5D,bcook63@posterous.com
Sharon,Oliver,10/15/2015,6,2D,soliver64@jugem.jp
Craig,Reynolds,3/16/2016,6,6C,creynolds65@chron.com
Sharon,Henry,9/15/2015,3,5D,shenry66@ebay.com
Phyllis,Morales,10/16/2015,6,5A,pmorales67@cbc.ca
Russell,Perkins,2/2/2016,5,5A,rperkins68@mozilla.org
Sharon,Carpenter,5/27/2015,5,2C,scarpenter69@so-net.ne.jp
Janice,Martin,4/4/2016,6,6D,jmartin6a@prlog.org
Betty,Wheeler,4/6/2016,6,6C,bwheeler6b@shutterfly.com
Lillian,Bryant,7/13/2015,6,6C,lbryant6c@discovery.com
Paul,Garrett,1/13/2016,6,5D,pgarrett6d@cisco.com
Carlos,Burns,9/28/2015,3,4D,cburns6e@skyrock.com
Walter,Morales,5/8/2015,5,6D,wmorales6f@wordpress.org
Ruth,Carpenter,3/16/2016,5,6D,rcarpenter6g@purevolume.com
Louise,Palmer,11/24/2015,4,6D,lpalmer6h@1und1.de
Jacqueline,Foster,8/1/2015,5,3D,jfoster6i@hao123.com
Fred,Morris,3/1/2016,5,6C,fmorris6j@omniture.com
Norma,George,4/22/2015,4,6C,ngeorge6k@forbes.com
Adam,Kelly,7/3/2015,5,5C,akelly6l@tumblr.com
Robin,Nelson,1/18/2016,4,2C,rnelson6m@imgur.com
Amanda,Cox,4/30/2015,6,6D,acox6n@forbes.com
Edward,Hudson,6/23/2015,6,5D,ehudson6o@guardian.co.uk
Virginia,Murphy,12/17/2015,1,5C,vmurphy6p@bloglines.com
Norma,Collins,3/28/2016,6,6D,ncollins6q@surveymonkey.com
Brian,Kelly,6/29/2015,6,4D,bkelly6r@ted.com
Ronald,Burton,10/28/2015,2,4C,rburton6s@123-reg.co.uk
David,Evans,9/10/2015,5,5C,devans6t@com.com
Harold,Hernandez,6/20/2015,6,6C,hhernandez6u@loc.gov
Martin,Henry,9/22/2015,6,6D,mhenry6v@amazon.co.uk
Jacqueline,Reyes,6/18/2015,5,6D,jreyes6w@cyberchimps.com
Louis,Barnes,6/26/2015,4,5B,lbarnes6x@zdnet.com
Carolyn,White,4/9/2016,6,3D,cwhite6y@state.tx.us
Betty,Ramirez,10/9/2015,6,6A,bramirez6z@w3.org
Stephen,Torres,11/28/2015,6,5D,storres70@dot.gov
Shirley,Franklin,7/23/2015,5,4D,sfranklin71@facebook.com
Joan,Ferguson,1/15/2016,4,5C,jferguson72@about.me
Phillip,Watkins,8/12/2015,6,6B,pwatkins73@sina.com.cn
Mildred,Medina,8/18/2015,6,6C,mmedina74@nps.gov
Carolyn,Nichols,7/25/2015,5,6A,cnichols75@chronoengine.com
Nancy,Schmidt,6/29/2015,6,5D,nschmidt76@cbsnews.com
Lawrence,Brown,11/1/2015,3,6C,lbrown77@ted.com
Martha,Fox,1/9/2016,4,5C,mfox78@goo.ne.jp
Earl,Martinez,12/24/2015,2,4D,emartinez79@whitehouse.gov
Evelyn,Griffin,1/20/2016,6,6D,egriffin7a@cisco.com
Jacqueline,Price,9/5/2015,6,5D,jprice7b@github.com
Harold,Wells,8/31/2015,6,6C,hwells7c@chronoengine.com
Sarah,Hughes,1/8/2016,6,4C,shughes7d@alibaba.com
Sara,Bailey,4/8/2016,6,6D,sbailey7e@parallels.com
Andrea,Ruiz,12/1/2015,4,6A,aruiz7f@people.com.cn
Theresa,Mendoza,12/17/2015,6,6D,tmendoza7g@youku.com
James,Larson,9/12/2015,5,6D,jlarson7h@tuttocitta.it
Betty,Smith,11/29/2015,3,3D,bsmith7i@google.com
Christine,Gardner,1/5/2016,1,6C,cgardner7j@wix.com
Nancy,Gordon,11/28/2015,6,6C,ngordon7k@wix.com
Karen,Ruiz,1/3/2016,5,6D,kruiz7l@wordpress.com
Martha,Hayes,10/16/2015,5,5C,mhayes7m@independent.co.uk
Philip,Campbell,3/16/2016,6,6B,pcampbell7n@chron.com
Lisa,Turner,8/9/2015,6,6A,lturner7o@odnoklassniki.ru
Amy,Wallace,6/25/2015,3,5D,awallace7p@lulu.com
Gary,Austin,10/16/2015,6,5C,gaustin7q@forbes.com
Victor,Mitchell,3/16/2016,5,5D,vmitchell7r@washingtonpost.com
Fred,Kelley,1/23/2016,6,6C,fkelley7s@newsvine.com
Deborah,Patterson,3/19/2016,5,6D,dpatterson7t@kickstarter.com
Brandon,Sims,8/16/2015,5,1D,bsims7u@spiegel.de
Mildred,Carpenter,6/23/2015,6,6B,mcarpenter7v@over-blog.com
Doris,Medina,1/29/2016,6,6B,dmedina7w@simplemachines.org
Denise,Price,6/27/2015,6,6D,dprice7x@tamu.edu
Anna,Dunn,1/15/2016,5,4C,adunn7y@ameblo.jp
Alan,Day,4/25/2015,6,5D,aday7z@chron.com
Patricia,Flores,11/17/2015,5,6D,pflores80@infoseek.co.jp
Nicole,Walker,8/24/2015,6,6D,nwalker81@edublogs.org
Martha,Hill,10/20/2015,5,6D,mhill82@storify.com
Ernest,Little,10/12/2015,4,4D,elittle83@craigslist.org
Amy,Hunt,8/12/2015,6,6D,ahunt84@soundcloud.com
Cheryl,Butler,4/8/2016,6,3A,cbutler85@archive.org
Amy,Gomez,8/26/2015,5,6C,agomez86@usa.gov
Kathleen,Stevens,11/6/2015,6,6D,kstevens87@yahoo.com
Lisa,Garrett,5/3/2015,6,6A,lgarrett88@taobao.com
Chris,Parker,4/18/2015,5,6D,cparker89@eventbrite.com
Joshua,Stewart,3/6/2016,2,6C,jstewart8a@free.fr
Edward,Webb,1/1/2016,6,5D,ewebb8b@ucoz.com
Irene,Lee,4/8/2016,3,5D,ilee8c@slate.com
Kathy,Gray,6/30/2015,6,4D,kgray8d@craigslist.org
Linda,Simmons,10/11/2015,6,6C,lsimmons8e@cafepress.com
Matthew,Brooks,8/6/2015,4,6B,mbrooks8f@typepad.com
Donna,Kim,3/4/2016,4,6D,dkim8g@ovh.net
Rebecca,Myers,11/11/2015,6,1D,rmyers8h@ted.com
Charles,Schmidt,10/2/2015,6,4C,cschmidt8i@eepurl.com
Jose,Porter,3/11/2016,5,4C,jporter8j@amazon.co.uk
Willie,Davis,9/9/2015,6,6A,wdavis8k@ft.com
Angela,Garrett,2/23/2016,3,2A,agarrett8l@shareasale.com
Christina,Fisher,7/11/2015,6,6D,cfisher8m@skyrock.com
Jimmy,Freeman,12/29/2015,4,6C,jfreeman8n@oaic.gov.au
Wanda,Lynch,8/7/2015,6,6C,wlynch8o@istockphoto.com
Ann,Price,11/22/2015,6,1D,aprice8p@netvibes.com
Eugene,Parker,7/23/2015,4,5C,eparker8q@dailymail.co.uk
Sarah,Robinson,9/30/2015,4,5C,srobinson8r@paypal.com
Justin,Wood,10/5/2015,3,6A,jwood8s@github.com
Carolyn,Chavez,10/2/2015,5,6C,cchavez8t@oakley.com
Terry,Perry,6/7/2015,6,5B,tperry8u@sphinn.com
Antonio,Phillips,5/7/2015,5,6D,aphillips8v@tamu.edu
Roy,Harris,5/12/2015,4,6D,rharris8w@deviantart.com
Mark,Gibson,1/14/2016,2,6D,mgibson8x@cbslocal.com
Wanda,Nguyen,11/12/2015,6,6C,wnguyen8y@economist.com
Brandon,Lynch,11/14/2015,3,4B,blynch8z@apache.org
Ruth,Gonzalez,10/15/2015,3,6C,rgonzalez90@nationalgeographic.com
Sara,Henry,11/14/2015,6,3D,shenry91@pinterest.com
Julie,Garcia,8/27/2015,6,3D,jgarcia92@nature.com
Jimmy,Snyder,3/20/2016,6,2A,jsnyder93@sphinn.com
Philip,Sanchez,4/15/2016,5,3C,psanchez94@tiny.cc
Catherine,Garza,12/10/2015,6,6D,cgarza95@netlog.com
Victor,Burton,4/17/2016,6,3C,vburton96@sourceforge.net
Aaron,Bell,6/28/2015,6,6C,abell97@intel.com
Cynthia,Kelly,3/5/2016,6,4C,ckelly98@dropbox.com
Helen,Price,10/27/2015,5,6D,hprice99@nyu.edu
Diana,Jacobs,6/6/2015,3,6A,djacobs9a@taobao.com
Tina,Gonzalez,3/4/2016,6,3D,tgonzalez9b@purevolume.com
Doris,Morgan,1/30/2016,5,6C,dmorgan9c@sciencedaily.com
Eugene,Perry,3/3/2016,1,5D,eperry9d@bravesites.com
Barbara,Gardner,8/13/2015,6,4D,bgardner9e@twitpic.com
Patrick,Gutierrez,6/3/2015,5,6C,pgutierrez9f@dell.com
Sandra,Hamilton,3/29/2016,6,4A,shamilton9g@wired.com
Frances,Hunt,7/19/2015,6,6D,fhunt9h@mlb.com
Helen,Matthews,3/19/2016,6,5D,hmatthews9i@cmu.edu
Doris,Bowman,4/22/2015,4,5D,dbowman9j@drupal.org
Diane,Weaver,1/30/2016,4,4B,dweaver9k@tamu.edu
Linda,Perez,2/5/2016,6,5C,lperez9l@ftc.gov
Irene,Collins,4/22/2015,6,4D,icollins9m@go.com
Cheryl,Rivera,10/30/2015,5,5D,crivera9n@chicagotribune.com
Jimmy,Holmes,11/19/2015,6,6C,jholmes9o@angelfire.com
Joan,Wood,11/14/2015,6,6D,jwood9p@elegantthemes.com
Thomas,Vasquez,11/20/2015,5,5D,tvasquez9q@cyberchimps.com
Christopher,Hamilton,9/15/2015,5,6C,chamilton9r@google.nl
Marie,Lawson,4/10/2016,3,3C,mlawson9s@twitter.com
Jimmy,Jordan,7/10/2015,4,6D,jjordan9t@salon.com
Bruce,Bell,9/6/2015,5,3B,bbell9u@java.com
Fred,Ruiz,1/27/2016,5,5A,fruiz9v@europa.eu
Cynthia,Bell,3/17/2016,1,6D,cbell9w@answers.com
Phyllis,Stone,3/28/2016,6,6C,pstone9x@blogtalkradio.com
Joe,Powell,9/19/2015,6,5D,jpowell9y@java.com
Lois,Perez,11/23/2015,5,5C,lperez9z@about.me
Jonathan,Gibson,8/3/2015,5,6B,jgibsona0@artisteer.com
Marilyn,Franklin,1/12/2016,5,6A,mfranklina1@cocolog-nifty.com
Denise,Morrison,12/29/2015,5,4D,dmorrisona2@vistaprint.com
Kenneth,Duncan,1/25/2016,1,5D,kduncana3@washingtonpost.com
Thomas,King,3/27/2016,5,4B,tkinga4@1688.com
Benjamin,Watson,5/10/2015,6,1B,bwatsona5@cafepress.com
Thomas,Frazier,5/25/2015,2,5C,tfraziera6@fastcompany.com
Russell,Ross,1/19/2016,6,5D,rrossa7@globo.com
Amanda,Fernandez,6/24/2015,6,4B,afernandeza8@fastcompany.com
Rachel,Williamson,11/11/2015,3,4B,rwilliamsona9@umich.edu
Brian,Jones,9/19/2015,6,5A,bjonesaa@chronoengine.com
Michelle,Bryant,10/19/2015,5,6A,mbryantab@sakura.ne.jp
Ernest,Castillo,9/24/2015,6,1D,ecastilloac@cyberchimps.com
William,Stewart,11/16/2015,4,3D,wstewartad@globo.com
Mary,Howard,7/17/2015,6,6C,mhowardae@hexun.com
Brandon,Willis,10/3/2015,5,3C,bwillisaf@virginia.edu
Ernest,Gomez,11/17/2015,5,1D,egomezag@cafepress.com
Katherine,Brooks,9/26/2015,6,6D,kbrooksah@senate.gov
Christina,Chapman,8/14/2015,6,6C,cchapmanai@free.fr
Laura,White,4/29/2015,6,5D,lwhiteaj@mtv.com
Virginia,Peterson,3/23/2016,6,4B,vpetersonak@zdnet.com
Diana,White,6/6/2015,6,6C,dwhiteal@trellian.com
Robert,Gomez,3/11/2016,1,6B,rgomezam@meetup.com
Amanda,Griffin,10/2/2015,3,6D,agriffinan@google.com.br
Larry,Dixon,3/25/2016,5,6C,ldixonao@technorati.com
Debra,Perry,9/21/2015,6,6B,dperryap@i2i.jp
Harold,Roberts,4/16/2016,3,6C,hrobertsaq@dailymail.co.uk
Mildred,Matthews,7/3/2015,6,6D,mmatthewsar@newyorker.com
Angela,Riley,12/15/2015,1,6A,arileyas@vinaora.com
Fred,Tucker,12/31/2015,6,6D,ftuckerat@huffingtonpost.com
Sarah,Reid,7/21/2015,2,5D,sreidau@tmall.com
Carl,Ortiz,12/27/2015,4,4D,cortizav@angelfire.com
Sean,Moreno,2/12/2016,4,6D,smorenoaw@dot.gov
Juan,Wright,5/17/2015,4,5C,jwrightax@foxnews.com
Ashley,Duncan,4/27/2015,3,6A,aduncanay@virginia.edu
Phyllis,Evans,5/22/2015,6,4A,pevansaz@skyrock.com
Walter,Vasquez,8/24/2015,4,6D,wvasquezb0@thetimes.co.uk
Emily,Butler,4/30/2015,5,4C,ebutlerb1@elpais.com
Dorothy,Vasquez,2/1/2016,2,5A,dvasquezb2@netvibes.com
Richard,Lawrence,2/2/2016,5,4B,rlawrenceb3@delicious.com
William,Kim,7/23/2015,5,5D,wkimb4@sciencedaily.com
Ronald,Turner,2/1/2016,5,6C,rturnerb5@hhs.gov
Denise,Lawrence,11/5/2015,6,3C,dlawrenceb6@tinypic.com
Steven,Hansen,11/15/2015,5,6D,shansenb7@discuz.net
Gerald,Reed,8/8/2015,6,5D,greedb8@businesswire.com
Virginia,Price,6/19/2015,5,6B,vpriceb9@usgs.gov
Sandra,Dunn,2/2/2016,5,6D,sdunnba@intel.com
Carolyn,Ryan,7/10/2015,6,6A,cryanbb@statcounter.com
Sharon,Hansen,10/25/2015,6,6A,shansenbc@prnewswire.com
Jesse,Kennedy,4/4/2016,6,6D,jkennedybd@typepad.com
Evelyn,Bryant,12/5/2015,4,6D,ebryantbe@cargocollective.com
Kathleen,Harvey,3/30/2016,6,3B,kharveybf@sina.com.cn
Clarence,Wood,10/28/2015,6,3D,cwoodbg@si.edu
Douglas,Rose,5/12/2015,5,6C,drosebh@ovh.net
Stephen,Gonzales,1/3/2016,3,6D,sgonzalesbi@mit.edu
Melissa,Olson,2/2/2016,5,6A,molsonbj@issuu.com
Joan,Stewart,1/23/2016,6,6D,jstewartbk@usda.gov
Donald,Henry,2/12/2016,6,5D,dhenrybl@wikimedia.org
Willie,Cox,4/27/2015,5,6C,wcoxbm@slashdot.org
Ruby,Morris,7/2/2015,5,6B,rmorrisbn@ucsd.edu
Gary,Snyder,10/30/2015,5,3D,gsnyderbo@illinois.edu
Arthur,Carroll,10/8/2015,6,5D,acarrollbp@newsvine.com
Theresa,Montgomery,10/21/2015,4,4D,tmontgomerybq@histats.com
Fred,Rice,8/7/2015,6,6C,fricebr@princeton.edu
Margaret,Black,1/7/2016,5,6D,mblackbs@xing.com
Katherine,Moore,11/21/2015,6,5D,kmoorebt@dagondesign.com
Rose,Woods,12/2/2015,1,5A,rwoodsbu@w3.org
Donald,Owens,4/4/2016,3,3B,dowensbv@cnbc.com
Daniel,Sims,5/28/2015,6,4A,dsimsbw@comcast.net
Jean,Jenkins,12/10/2015,6,5D,jjenkinsbx@go.com
Angela,Daniels,2/18/2016,5,5D,adanielsby@w3.org
Tammy,Stanley,7/18/2015,5,6B,tstanleybz@nymag.com
Evelyn,Freeman,1/1/2016,6,6B,efreemanc0@surveymonkey.com
Gloria,Mitchell,1/19/2016,6,6D,gmitchellc1@163.com
Mark,Morris,10/16/2015,5,5D,mmorrisc2@utexas.edu
Richard,Hill,11/7/2015,6,6C,rhillc3@sitemeter.com
Christine,Woods,7/15/2015,6,1D,cwoodsc4@cisco.com
Martha,Ramos,7/31/2015,6,6B,mramosc5@sohu.com
Wayne,Ruiz,11/12/2015,6,5C,wruizc6@diigo.com
Clarence,Ruiz,8/1/2015,6,5D,cruizc7@japanpost.jp
Kathy,Hicks,4/1/2016,2,6C,khicksc8@blinklist.com
Kathleen,Scott,1/21/2016,6,6D,kscottc9@weather.com
Ronald,Parker,7/30/2015,6,5C,rparkerca@columbia.edu
Kelly,James,10/20/2015,4,5D,kjamescb@dailymotion.com
Susan,Ray,11/15/2015,6,6D,sraycc@chron.com
Donald,Hunt,1/28/2016,4,6D,dhuntcd@latimes.com
Carol,Oliver,6/4/2015,6,6A,coliverce@ning.com
Christina,Anderson,10/26/2015,4,1D,candersoncf@yelp.com
Frances,Rose,12/10/2015,6,6D,frosecg@discuz.net
Gary,Collins,12/15/2015,3,5A,gcollinsch@chron.com
Betty,Owens,3/16/2016,6,6D,bowensci@webs.com
Eric,Allen,2/23/2016,6,5D,eallencj@fc2.com
Helen,Knight,5/29/2015,1,5D,hknightck@mapy.cz
Lois,Marshall,4/23/2015,6,4D,lmarshallcl@gravatar.com
Walter,Nelson,3/27/2016,6,6D,wnelsoncm@youtu.be
Keith,Little,12/31/2015,6,5D,klittlecn@mapquest.com
Frank,Lawson,10/8/2015,6,5D,flawsonco@dailymotion.com
Jose,Hansen,8/2/2015,4,6D,jhansencp@1und1.de
Mary,Welch,4/4/2016,6,6D,mwelchcq@answers.com
Cheryl,Romero,8/6/2015,6,5C,cromerocr@goo.ne.jp
Albert,Bowman,3/1/2016,6,5D,abowmancs@desdev.cn
Kelly,Holmes,4/25/2015,4,5D,kholmesct@free.fr
Frank,Hall,12/12/2015,6,6C,fhallcu@ft.com
Denise,Collins,5/27/2015,6,6D,dcollinscv@naver.com
Kevin,Vasquez,8/9/2015,6,6D,kvasquezcw@comsenz.com
Judith,Mccoy,1/21/2016,1,6C,jmccoycx@4shared.com
Carl,Murray,11/5/2015,6,6B,cmurraycy@irs.gov
Earl,Lawrence,1/2/2016,6,6A,elawrencecz@tumblr.com
Tammy,Sanchez,2/9/2016,6,6C,tsanchezd0@ca.gov
Craig,Reynolds,7/23/2015,5,6C,creynoldsd1@edublogs.org
Lori,Simpson,12/16/2015,6,6D,lsimpsond2@ebay.com
Irene,Morgan,5/16/2015,6,6C,imorgand3@ocn.ne.jp
Mark,Cox,3/2/2016,6,5C,mcoxd4@cafepress.com
Chris,Burton,7/17/2015,6,6D,cburtond5@auda.org.au
Howard,Martin,6/15/2015,6,6B,hmartind6@reuters.com
Joseph,Hughes,9/3/2015,6,6C,jhughesd7@blinklist.com
George,Perkins,12/17/2015,6,5D,gperkinsd8@163.com
Anna,Torres,8/19/2015,6,4C,atorresd9@google.ru
Brandon,Bradley,2/4/2016,5,3D,bbradleyda@nbcnews.com
Debra,Williamson,3/1/2016,6,6D,dwilliamsondb@tripadvisor.com
Willie,Schmidt,4/28/2015,6,4A,wschmidtdc@quantcast.com
Paul,Harper,2/14/2016,6,5D,pharperdd@boston.com
Wanda,Wright,3/21/2016,6,6D,wwrightde@hugedomains.com
Daniel,Harris,3/10/2016,4,6C,dharrisdf@ovh.net
Paul,Larson,1/9/2016,4,6D,plarsondg@e-recht24.de
Jonathan,Allen,4/20/2015,6,6D,jallendh@networkadvertising.org
Jimmy,Ramos,5/14/2015,5,5C,jramosdi@so-net.ne.jp
Earl,Russell,1/12/2016,6,6D,erusselldj@github.com
Samuel,James,11/8/2015,1,6C,sjamesdk@scribd.com
Joshua,Chavez,7/12/2015,6,6B,jchavezdl@hp.com
Lillian,Ryan,1/26/2016,5,6C,lryandm@ifeng.com
Rebecca,Fields,7/4/2015,6,6C,rfieldsdn@drupal.org
Kathryn,Patterson,8/22/2015,5,4B,kpattersondo@blog.com
Heather,Martin,8/17/2015,5,5C,hmartindp@fastcompany.com
Lori,Anderson,7/22/2015,2,5A,landersondq@networkadvertising.org
Beverly,Scott,6/27/2015,5,6D,bscottdr@mozilla.com
Melissa,Mccoy,3/21/2016,5,4D,mmccoyds@china.com.cn
Beverly,Patterson,10/24/2015,4,1A,bpattersondt@opensource.org
Kelly,Bowman,12/19/2015,6,6C,kbowmandu@slideshare.net
Sandra,Willis,2/9/2016,5,3A,swillisdv@friendfeed.com
Heather,Kelly,1/6/2016,4,5B,hkellydw@feedburner.com
Sara,Gutierrez,5/25/2015,5,5D,sgutierrezdx@wikia.com
Tammy,Andrews,3/7/2016,5,6D,tandrewsdy@nih.gov
Jeffrey,Tucker,2/22/2016,6,6C,jtuckerdz@tinyurl.com
Elizabeth,George,8/24/2015,5,5A,egeorgee0@weibo.com
Alice,Evans,7/28/2015,6,6B,aevanse1@xrea.com
Jose,Freeman,4/27/2015,6,5D,jfreemane2@amazonaws.com
Elizabeth,Lee,10/18/2015,5,6D,eleee3@zdnet.com
Judith,Burke,11/11/2015,6,6C,jburkee4@ca.gov
Lois,Kim,9/24/2015,6,5D,lkime5@oakley.com
Lillian,Romero,8/9/2015,3,6C,lromeroe6@about.me
David,Lewis,1/20/2016,3,4D,dlewise7@drupal.org
Carol,Allen,3/8/2016,6,6C,callene8@networksolutions.com
Heather,Fox,12/30/2015,3,5A,hfoxe9@cocolog-nifty.com
Kenneth,Clark,1/6/2016,6,6D,kclarkea@cbc.ca
Jane,Stephens,9/29/2015,6,6D,jstephenseb@independent.co.uk
Tina,Lynch,4/10/2016,6,4D,tlynchec@telegraph.co.uk
Martin,Kelly,1/18/2016,6,5D,mkellyed@sfgate.com
Mark,Ross,7/29/2015,6,5B,mrossee@sakura.ne.jp
John,Fisher,7/31/2015,5,3D,jfisheref@comcast.net
Michael,Williamson,3/17/2016,4,5D,mwilliamsoneg@miitbeian.gov.cn
Betty,Robertson,9/28/2015,4,3D,brobertsoneh@google.co.jp
Sandra,Little,6/27/2015,4,6D,slittleei@unicef.org
Chris,Meyer,1/9/2016,3,6D,cmeyerej@arstechnica.com
Antonio,Gibson,7/24/2015,5,6A,agibsonek@blinklist.com
Stephen,Price,11/24/2015,6,6C,spriceel@statcounter.com
Daniel,White,8/22/2015,5,6B,dwhiteem@blog.com
Samuel,Franklin,7/4/2015,5,6B,sfranklinen@opensource.org
Scott,Wright,8/12/2015,6,6C,swrighteo@devhub.com
Susan,Welch,7/21/2015,6,6C,swelchep@qq.com
Larry,Matthews,7/9/2015,4,5D,lmatthewseq@columbia.edu
Steve,Schmidt,1/12/2016,5,6D,sschmidter@cmu.edu
Marilyn,Washington,4/5/2016,5,1A,mwashingtones@nba.com
Beverly,Gibson,2/29/2016,6,2D,bgibsonet@cmu.edu
Donna,Reid,1/12/2016,5,4D,dreideu@economist.com
Heather,Ortiz,4/26/2015,6,6C,hortizev@chron.com
Christopher,Kennedy,8/10/2015,6,5C,ckennedyew@vistaprint.com
Earl,Price,4/28/2015,6,5C,epriceex@photobucket.com
Edward,Welch,7/2/2015,6,4D,ewelchey@google.ru
Marilyn,Wright,1/2/2016,5,6D,mwrightez@zimbio.com
Lawrence,Watson,3/31/2016,5,6D,lwatsonf0@edublogs.org
Philip,Johnston,8/12/2015,6,6D,pjohnstonf1@feedburner.com
Brenda,Ward,3/19/2016,4,6C,bwardf2@thetimes.co.uk
Fred,Ryan,9/17/2015,5,6C,fryanf3@privacy.gov.au
Evelyn,Ray,7/12/2015,6,3B,erayf4@vkontakte.ru
Gregory,Little,12/23/2015,5,5B,glittlef5@dion.ne.jp
Albert,Baker,12/28/2015,6,6C,abakerf6@ucla.edu
Patricia,Carpenter,3/15/2016,2,6D,pcarpenterf7@ucla.edu
Michael,Nichols,5/16/2015,6,6C,mnicholsf8@lulu.com
Wayne,Flores,3/31/2016,6,5D,wfloresf9@thetimes.co.uk
Patrick,Bradley,4/20/2015,6,6D,pbradleyfa@4shared.com
Wayne,Ellis,11/13/2015,5,6D,wellisfb@oaic.gov.au
Sarah,Simmons,12/27/2015,4,6D,ssimmonsfc@trellian.com
Christina,Lopez,12/4/2015,4,6C,clopezfd@java.com
Terry,Elliott,2/15/2016,5,6C,telliottfe@thetimes.co.uk
Stephen,Ruiz,7/23/2015,6,3D,sruizff@cargocollective.com
Eugene,Banks,4/2/2016,6,5D,ebanksfg@furl.net
Michelle,Parker,6/1/2015,3,5D,mparkerfh@businessinsider.com
Gary,Castillo,12/6/2015,6,4C,gcastillofi@deliciousdays.com
Paul,Holmes,10/13/2015,4,6D,pholmesfj@squidoo.com
Jane,Bishop,3/29/2016,6,6C,jbishopfk@columbia.edu
David,Fernandez,2/6/2016,6,6C,dfernandezfl@blog.com
Scott,Torres,11/6/2015,6,6C,storresfm@slideshare.net
Martha,Ramos,8/9/2015,4,5C,mramosfn@wordpress.com
Kimberly,Lee,5/27/2015,6,5C,kleefo@kickstarter.com
Linda,Harper,9/15/2015,5,6D,lharperfp@google.co.uk
Shawn,Butler,2/26/2016,6,6B,sbutlerfq@rediff.com
Joyce,Palmer,9/24/2015,6,3B,jpalmerfr@businessinsider.com
Martha,Morris,10/27/2015,4,6B,mmorrisfs@moonfruit.com
Benjamin,Garza,11/13/2015,4,5D,bgarzaft@twitter.com
Debra,Freeman,7/19/2015,6,3D,dfreemanfu@mozilla.com
Christine,Greene,4/11/2016,6,5C,cgreenefv@wsj.com
Larry,Watkins,4/30/2015,6,5D,lwatkinsfw@pagesperso-orange.fr
Johnny,Payne,5/22/2015,6,5D,jpaynefx@sphinn.com
Joseph,Burns,3/29/2016,4,5A,jburnsfy@cdbaby.com
Jean,Phillips,10/22/2015,4,3A,jphillipsfz@hugedomains.com
Clarence,Ward,6/18/2015,4,6D,cwardg0@msu.edu
Larry,Weaver,8/24/2015,4,6D,lweaverg1@latimes.com
Kelly,Jenkins,3/13/2016,6,4D,kjenkinsg2@studiopress.com
Harry,Fields,1/4/2016,5,6C,hfieldsg3@multiply.com
Timothy,Jordan,5/24/2015,5,5D,tjordang4@whitehouse.gov
Russell,Phillips,11/8/2015,2,5C,rphillipsg5@virginia.edu
Paul,Watson,11/23/2015,6,1D,pwatsong6@list-manage.com
Thomas,Carpenter,8/22/2015,3,4B,tcarpenterg7@seesaa.net
Ralph,Butler,5/1/2015,6,6D,rbutlerg8@scientificamerican.com
Catherine,Matthews,2/27/2016,6,5D,cmatthewsg9@dagondesign.com
Christine,Thomas,8/20/2015,6,6C,cthomasga@soup.io
John,Jones,3/6/2016,6,6B,jjonesgb@msu.edu
Jerry,Kennedy,3/6/2016,5,4D,jkennedygc@sfgate.com
Matthew,Watson,10/6/2015,6,4D,mwatsongd@youku.com
Chris,Graham,8/13/2015,6,6D,cgrahamge@aboutads.info
Heather,Webb,4/13/2016,3,5C,hwebbgf@google.com
Cheryl,Long,9/20/2015,6,6A,clonggg@utexas.edu
Rose,Brooks,7/28/2015,5,3D,rbrooksgh@who.int
Randy,Parker,11/8/2015,6,6D,rparkergi@eepurl.com
Heather,Allen,7/15/2015,5,6B,hallengj@icq.com
Jimmy,Cunningham,1/11/2016,5,4D,jcunninghamgk@cornell.edu
Adam,Edwards,3/19/2016,5,5C,aedwardsgl@walmart.com
Todd,Jones,5/15/2015,6,6B,tjonesgm@dell.com
Jessica,Ray,6/29/2015,6,6B,jraygn@netscape.com
Amy,Lawrence,2/25/2016,5,5D,alawrencego@toplist.cz
Edward,Kelley,4/11/2016,6,6D,ekelleygp@bloglines.com
Beverly,Alvarez,7/6/2015,1,6D,balvarezgq@hc360.com
Jacqueline,Evans,4/3/2016,2,5D,jevansgr@xrea.com
Betty,Mills,4/25/2015,6,6C,bmillsgs@addthis.com
Marie,Gomez,3/2/2016,6,4C,mgomezgt@pinterest.com
Donald,Watson,1/29/2016,4,6C,dwatsongu@e-recht24.de
Irene,Russell,10/31/2015,4,6C,irussellgv@vimeo.com
Cynthia,Wood,4/29/2015,6,5C,cwoodgw@plala.or.jp
Gloria,Welch,1/18/2016,6,6D,gwelchgx@senate.gov
Howard,Morgan,12/29/2015,3,2C,hmorgangy@nymag.com
Evelyn,Thomas,5/26/2015,6,3D,ethomasgz@msu.edu
Frank,Olson,3/10/2016,6,5D,folsonh0@newsvine.com
Harold,Sullivan,8/13/2015,5,5C,hsullivanh1@ftc.gov
Phyllis,Snyder,3/30/2016,6,6A,psnyderh2@hugedomains.com
Harry,Medina,4/21/2015,6,6D,hmedinah3@indiatimes.com
Mildred,Graham,12/4/2015,4,4C,mgrahamh4@imageshack.us
Gary,Henderson,9/14/2015,3,1D,ghendersonh5@zimbio.com
Jacqueline,Davis,1/5/2016,6,3C,jdavish6@squarespace.com
Rebecca,Gibson,7/16/2015,6,5C,rgibsonh7@github.com
Matthew,Chapman,2/21/2016,5,6B,mchapmanh8@chronoengine.com
Billy,Woods,5/19/2015,3,6C,bwoodsh9@google.cn
Alice,Crawford,6/14/2015,2,6C,acrawfordha@trellian.com
Jimmy,Watson,7/23/2015,3,6A,jwatsonhb@oracle.com
Michelle,Henry,1/14/2016,6,6C,mhenryhc@fotki.com
Joyce,Reid,11/3/2015,6,5D,jreidhd@smugmug.com
Ashley,Greene,2/1/2016,6,4D,agreenehe@lycos.com
Benjamin,Burke,11/3/2015,6,3B,bburkehf@walmart.com
Chris,Simmons,3/19/2016,6,4C,csimmonshg@google.co.uk
Barbara,Moreno,1/23/2016,6,5D,bmorenohh@spiegel.de
Rose,Holmes,11/21/2015,6,5D,rholmeshi@imgur.com
Daniel,Marshall,1/27/2016,3,5C,dmarshallhj@wikimedia.org
Joshua,Payne,9/28/2015,4,5A,jpaynehk@intel.com
Judith,Bailey,8/22/2015,6,6D,jbaileyhl@imgur.com
Amy,Hart,12/25/2015,6,2A,aharthm@bloglines.com
Theresa,Allen,4/28/2015,6,6C,tallenhn@cloudflare.com
Diane,Rice,8/29/2015,6,5B,driceho@taobao.com
Pamela,Schmidt,3/3/2016,6,3D,pschmidthp@weibo.com
Larry,Kim,3/28/2016,6,6D,lkimhq@apple.com
Keith,Brooks,1/13/2016,6,6B,kbrookshr@github.com
Sandra,Fuller,3/8/2016,6,5D,sfullerhs@cloudflare.com
Helen,Garza,4/19/2015,2,3D,hgarzaht@boston.com
Margaret,Fuller,4/7/2016,6,6A,mfullerhu@topsy.com
Rose,Fox,5/23/2015,6,6C,rfoxhv@senate.gov
Sara,Campbell,3/31/2016,6,4A,scampbellhw@fc2.com
Tammy,Alvarez,8/13/2015,2,2C,talvarezhx@unc.edu
Martha,Gonzales,6/13/2015,6,3D,mgonzaleshy@barnesandnoble.com
Justin,Bell,1/1/2016,4,6D,jbellhz@hexun.com
Shawn,Welch,9/16/2015,6,1B,swelchi0@tuttocitta.it
Ernest,Sims,1/11/2016,6,6D,esimsi1@java.com
Teresa,Hamilton,1/21/2016,6,6D,thamiltoni2@omniture.com
Paula,Warren,12/28/2015,5,6C,pwarreni3@arizona.edu
Jason,Hunter,6/29/2015,5,6D,jhunteri4@behance.net
Alice,Rogers,7/18/2015,6,6D,arogersi5@gmpg.org
Rose,Young,10/20/2015,4,4D,ryoungi6@businessweek.com
Anna,Armstrong,12/28/2015,3,6D,aarmstrongi7@soundcloud.com
Jerry,Warren,6/29/2015,4,1D,jwarreni8@netvibes.com
Phillip,Ellis,3/30/2016,5,5D,pellisi9@scientificamerican.com
Angela,West,4/30/2015,5,6D,awestia@jigsy.com
Justin,Chavez,3/23/2016,6,3D,jchavezib@gmpg.org
Kimberly,Washington,12/28/2015,4,6D,kwashingtonic@jiathis.com
Lawrence,Peterson,7/27/2015,3,6C,lpetersonid@dyndns.org
William,Gardner,11/10/2015,5,6D,wgardnerie@netscape.com
Marilyn,Owens,12/17/2015,6,6D,mowensif@mail.ru
Gloria,Mills,8/29/2015,6,4B,gmillsig@istockphoto.com
Jonathan,Gutierrez,2/3/2016,6,5D,jgutierrezih@go.com
Dennis,Robinson,7/2/2015,5,5B,drobinsonii@uol.com.br
Roy,Ramos,10/3/2015,5,5D,rramosij@alexa.com
Kathy,Warren,4/4/2016,4,6D,kwarrenik@cbc.ca
Karen,Smith,7/21/2015,6,6A,ksmithil@sourceforge.net
Matthew,Kelly,10/12/2015,6,5A,mkellyim@salon.com
Phillip,Carroll,8/6/2015,6,6B,pcarrollin@edublogs.org
Irene,Burke,11/6/2015,1,1C,iburkeio@deliciousdays.com
Shirley,Brooks,5/26/2015,6,4A,sbrooksip@mayoclinic.com
Ronald,Myers,11/28/2015,6,5D,rmyersiq@microsoft.com
Jane,Stewart,5/7/2015,6,6A,jstewartir@ed.gov
Sara,Jones,6/15/2015,5,6C,sjonesis@harvard.edu
Marie,Pierce,6/30/2015,5,6C,mpierceit@webnode.com
Norma,Cook,3/17/2016,4,5D,ncookiu@slashdot.org
Martha,Carroll,11/10/2015,6,6D,mcarrolliv@economist.com
Victor,Scott,12/3/2015,2,4D,vscottiw@msn.com
Kathryn,Stone,9/14/2015,6,5D,kstoneix@ftc.gov
Bonnie,Gibson,3/24/2016,5,5C,bgibsoniy@cornell.edu
Melissa,Mills,5/26/2015,6,5C,mmillsiz@rambler.ru
Donald,Peters,12/17/2015,6,6D,dpetersj0@desdev.cn
Patricia,Murray,2/16/2016,4,6D,pmurrayj1@dion.ne.jp
Margaret,Daniels,2/26/2016,5,6D,mdanielsj2@smh.com.au
Daniel,Austin,12/20/2015,6,6B,daustinj3@acquirethisname.com
Mildred,Perkins,11/27/2015,6,3C,mperkinsj4@illinois.edu
Lillian,Mitchell,6/26/2015,3,6C,lmitchellj5@ucsd.edu
Deborah,Stanley,7/11/2015,4,6C,dstanleyj6@addthis.com
Lawrence,Morales,12/26/2015,6,6D,lmoralesj7@jimdo.com
Jason,Mendoza,5/10/2015,6,6D,jmendozaj8@fda.gov
Louise,Martinez,7/29/2015,6,6C,lmartinezj9@digg.com
Juan,Holmes,6/28/2015,6,4C,jholmesja@mozilla.org
Kathleen,Hunter,2/4/2016,6,5A,khunterjb@time.com
Christina,Wagner,5/28/2015,5,6D,cwagnerjc@yandex.ru
Steve,Freeman,1/26/2016,5,5C,sfreemanjd@google.cn
Christine,Foster,3/31/2016,5,5C,cfosterje@merriam-webster.com
Alice,Chapman,1/11/2016,6,5D,achapmanjf@uol.com.br
Tina,Kim,12/19/2015,4,5B,tkimjg@elegantthemes.com
Michelle,Bailey,4/20/2015,6,6B,mbaileyjh@studiopress.com
Walter,Cooper,8/12/2015,4,3D,wcooperji@woothemes.com
Jason,Ross,2/10/2016,6,6D,jrossjj@facebook.com
Nancy,Gonzalez,3/23/2016,6,4A,ngonzalezjk@businessinsider.com
Craig,Nelson,7/31/2015,6,6C,cnelsonjl@tumblr.com
Gary,Ray,7/7/2015,4,4D,grayjm@sciencedirect.com
Jose,Carr,9/12/2015,6,5C,jcarrjn@webmd.com
Tammy,Torres,10/23/2015,4,6C,ttorresjo@dagondesign.com
Terry,Wallace,5/20/2015,6,6D,twallacejp@fotki.com
Victor,Morales,3/26/2016,5,6D,vmoralesjq@pbs.org
Lawrence,White,4/26/2015,6,6C,lwhitejr@cnet.com
Edward,Brown,1/19/2016,6,5C,ebrownjs@uiuc.edu
Rebecca,King,8/4/2015,6,1D,rkingjt@hostgator.com
Patricia,Nichols,1/21/2016,1,6B,pnicholsju@infoseek.co.jp
Terry,Price,3/17/2016,6,5D,tpricejv@people.com.cn
Stephen,Green,4/10/2016,6,6D,sgreenjw@acquirethisname.com
Benjamin,Meyer,10/23/2015,3,6D,bmeyerjx@godaddy.com
Ryan,Armstrong,4/7/2016,6,5D,rarmstrongjy@addtoany.com
Janet,Brooks,3/16/2016,3,6B,jbrooksjz@mtv.com
Roy,Kim,3/7/2016,6,6C,rkimk0@google.it
Timothy,Perkins,10/4/2015,6,6D,tperkinsk1@bloglines.com
Jimmy,Harrison,1/27/2016,1,6D,jharrisonk2@washingtonpost.com
Wanda,Boyd,9/13/2015,5,4D,wboydk3@xinhuanet.com
Brenda,Bryant,5/23/2015,5,1A,bbryantk4@xing.com
Roy,Stone,1/19/2016,5,6D,rstonek5@issuu.com
Jeremy,Schmidt,3/7/2016,6,5D,jschmidtk6@goo.gl
Janet,Hall,7/22/2015,3,6A,jhallk7@infoseek.co.jp
Lois,Turner,12/27/2015,6,6A,lturnerk8@4shared.com
Louise,Gutierrez,2/22/2016,6,5B,lgutierrezk9@devhub.com
Arthur,Carroll,11/9/2015,5,2D,acarrollka@europa.eu
Albert,Parker,3/28/2016,4,6D,aparkerkb@indiatimes.com
Martin,Daniels,6/14/2015,5,6C,mdanielskc@economist.com
Gregory,Hudson,12/15/2015,6,6D,ghudsonkd@wix.com
Howard,Hughes,5/2/2015,5,4D,hhugheske@a8.net
Craig,Holmes,9/12/2015,6,4C,cholmeskf@engadget.com
Earl,Robinson,10/5/2015,6,6B,erobinsonkg@hhs.gov
Nicholas,Andrews,10/7/2015,2,4D,nandrewskh@engadget.com
Jennifer,Hunt,5/8/2015,6,3D,jhuntki@nba.com
Peter,Foster,2/22/2016,6,6D,pfosterkj@gmpg.org
Patricia,Ford,8/1/2015,5,6D,pfordkk@studiopress.com
Peter,Bell,1/20/2016,6,5D,pbellkl@blog.com
Theresa,Hudson,8/28/2015,6,6B,thudsonkm@ebay.co.uk
Michelle,Mitchell,6/11/2015,4,3D,mmitchellkn@blinklist.com
Johnny,Little,7/15/2015,6,6D,jlittleko@cnn.com
Raymond,Williamson,12/17/2015,5,6B,rwilliamsonkp@ask.com
Betty,Fisher,10/13/2015,6,6C,bfisherkq@seattletimes.com
Randy,Carter,1/22/2016,6,4B,rcarterkr@dell.com
Nicholas,Hicks,5/3/2015,5,4C,nhicksks@issuu.com
Ruth,Morales,3/4/2016,6,4D,rmoraleskt@purevolume.com
David,Scott,12/27/2015,6,6C,dscottku@admin.ch
Patricia,Harvey,7/20/2015,5,6D,pharveykv@xrea.com
Justin,Ramirez,7/28/2015,6,5C,jramirezkw@webmd.com
Tammy,Wilson,10/29/2015,6,6A,twilsonkx@mozilla.com
Sharon,Perez,3/5/2016,5,5D,sperezky@wp.com
Jacqueline,Riley,2/29/2016,6,6D,jrileykz@jimdo.com
Billy,Warren,2/3/2016,5,2C,bwarrenl0@reuters.com
Harry,Gutierrez,3/17/2016,6,6C,hgutierrezl1@sfgate.com
Barbara,Mason,12/24/2015,6,6D,bmasonl2@discovery.com
Catherine,Palmer,10/18/2015,6,6D,cpalmerl3@csmonitor.com
Henry,Gibson,5/27/2015,6,6D,hgibsonl4@ftc.gov
Gloria,Franklin,7/30/2015,6,6C,gfranklinl5@answers.com
Carlos,Sanchez,2/13/2016,6,6C,csanchezl6@vimeo.com
Kathryn,Lane,12/8/2015,5,6D,klanel7@smh.com.au
Cynthia,Stewart,9/21/2015,5,5D,cstewartl8@list-manage.com
Judith,Nichols,7/25/2015,6,5D,jnicholsl9@wikispaces.com
Philip,Jordan,11/8/2015,6,2D,pjordanla@hhs.gov
Pamela,Gibson,2/24/2016,4,5C,pgibsonlb@last.fm
Paul,King,1/11/2016,6,5D,pkinglc@free.fr
Amy,Castillo,3/25/2016,1,5B,acastillold@illinois.edu
Aaron,Ross,7/5/2015,5,5B,arossle@aboutads.info
Stephanie,Fuller,6/2/2015,6,6D,sfullerlf@aol.com
Antonio,Banks,3/22/2016,5,6C,abankslg@wired.com
Carlos,Russell,1/29/2016,6,6D,crusselllh@google.com.hk
Helen,Cook,8/6/2015,6,2D,hcookli@desdev.cn
Earl,Palmer,9/15/2015,4,6D,epalmerlj@forbes.com
Barbara,Simpson,4/25/2015,6,4D,bsimpsonlk@baidu.com
Diane,Scott,10/11/2015,6,5D,dscottll@shinystat.com
Carlos,Armstrong,8/23/2015,6,2A,carmstronglm@sakura.ne.jp
Melissa,Medina,6/12/2015,5,6D,mmedinaln@icq.com
Ashley,Wood,8/8/2015,6,4B,awoodlo@walmart.com
Judith,Larson,12/31/2015,6,4C,jlarsonlp@cnet.com
Rachel,Roberts,8/9/2015,5,1D,rrobertslq@samsung.com
Juan,Harrison,3/3/2016,6,6A,jharrisonlr@cnbc.com
Virginia,Morris,3/14/2016,6,6D,vmorrisls@smh.com.au
Earl,Griffin,8/31/2015,6,5A,egriffinlt@livejournal.com
Irene,Powell,8/23/2015,6,5B,ipowelllu@amazon.de
Sharon,Brown,7/17/2015,4,4A,sbrownlv@thetimes.co.uk
Joseph,Banks,12/26/2015,5,6D,jbankslw@last.fm
Rebecca,Cunningham,2/12/2016,3,6A,rcunninghamlx@virginia.edu
Daniel,Hayes,7/16/2015,6,6D,dhayesly@prnewswire.com
Joe,Schmidt,5/20/2015,6,6A,jschmidtlz@shinystat.com
Roger,Sims,6/2/2015,6,6C,rsimsm0@uol.com.br
Alan,Gardner,8/22/2015,6,6C,agardnerm1@mozilla.com
Eric,Kim,8/4/2015,5,6D,ekimm2@intel.com
Shawn,Adams,12/10/2015,5,4C,sadamsm3@narod.ru
Carl,Evans,2/14/2016,6,6D,cevansm4@unesco.org
Harold,Burns,6/17/2015,6,6C,hburnsm5@jalbum.net
Donald,Peterson,2/16/2016,6,5D,dpetersonm6@amazon.co.uk
Sean,Gonzalez,10/18/2015,5,6C,sgonzalezm7@mayoclinic.com
Frank,Larson,7/13/2015,5,3C,flarsonm8@mozilla.com
Carl,Reynolds,10/12/2015,4,6C,creynoldsm9@wordpress.org
Andrea,Henderson,7/26/2015,6,2D,ahendersonma@webeden.co.uk
Scott,Thomas,10/1/2015,3,6D,sthomasmb@cyberchimps.com
Anthony,Jordan,8/2/2015,5,3D,ajordanmc@simplemachines.org
Douglas,Armstrong,5/30/2015,4,4D,darmstrongmd@pagesperso-orange.fr
Annie,Miller,12/6/2015,4,3C,amillerme@blog.com
Gregory,Garcia,2/8/2016,6,6B,ggarciamf@hatena.ne.jp
Jack,Day,4/25/2015,5,4D,jdaymg@ycombinator.com
Helen,Johnson,5/26/2015,4,6D,hjohnsonmh@delicious.com
Louise,Jenkins,1/30/2016,1,6D,ljenkinsmi@businessinsider.com
Dennis,Price,6/23/2015,6,5D,dpricemj@goo.gl
Amanda,Johnston,2/22/2016,6,6B,ajohnstonmk@technorati.com
Theresa,Gutierrez,6/28/2015,6,6D,tgutierrezml@opera.com
Bonnie,Schmidt,8/7/2015,6,6D,bschmidtmm@salon.com
Stephen,Bishop,3/10/2016,5,6D,sbishopmn@walmart.com
Judy,Dixon,8/18/2015,6,4D,jdixonmo@scribd.com
Shirley,Stephens,8/14/2015,1,6C,sstephensmp@moonfruit.com
Timothy,Wilson,12/12/2015,3,5D,twilsonmq@google.cn
Alan,Rose,1/20/2016,6,5D,arosemr@senate.gov
Amy,Hunt,12/9/2015,3,6D,ahuntms@list-manage.com
Shirley,Dixon,6/16/2015,6,1D,sdixonmt@msu.edu
Eugene,Lawson,4/27/2015,6,6D,elawsonmu@histats.com
Sharon,Morgan,8/28/2015,3,1C,smorganmv@goodreads.com
Andrew,Bryant,7/27/2015,6,6D,abryantmw@amazon.co.uk
Kathy,Nguyen,7/13/2015,5,5C,knguyenmx@harvard.edu
Patricia,Clark,12/14/2015,5,6A,pclarkmy@nps.gov
Phillip,Harvey,4/29/2015,6,2C,pharveymz@dagondesign.com
Christopher,Gibson,6/5/2015,6,1C,cgibsonn0@bbc.co.uk
Willie,Russell,10/19/2015,6,4D,wrusselln1@indiatimes.com
Christina,Moreno,8/18/2015,6,6D,cmorenon2@cdbaby.com
Mark,Oliver,2/9/2016,5,2D,molivern3@usda.gov
Frank,Reyes,4/19/2015,6,6D,freyesn4@mozilla.org
Emily,Sanchez,11/15/2015,2,6A,esanchezn5@newsvine.com
Raymond,Andrews,10/13/2015,6,6A,randrewsn6@liveinternet.ru
Diane,Anderson,6/16/2015,6,6C,dandersonn7@wikimedia.org
Louis,Franklin,2/11/2016,5,4D,lfranklinn8@abc.net.au
Helen,Gibson,8/2/2015,5,5C,hgibsonn9@google.cn
Todd,Green,3/14/2016,6,4D,tgreenna@webs.com
Bobby,Young,7/21/2015,5,4D,byoungnb@creativecommons.org
Melissa,Henry,9/21/2015,6,6B,mhenrync@shareasale.com
Mildred,Mcdonald,7/19/2015,6,6C,mmcdonaldnd@umn.edu
Ralph,Rodriguez,2/24/2016,3,6C,rrodriguezne@ow.ly
Philip,Pierce,3/22/2016,6,6D,ppiercenf@discovery.com
Kevin,Morrison,1/21/2016,5,6C,kmorrisonng@prweb.com
Larry,Hawkins,10/23/2015,6,5C,lhawkinsnh@bbb.org
Jeffrey,Reed,11/15/2015,6,6C,jreedni@liveinternet.ru
Julie,Howell,4/6/2016,4,6A,jhowellnj@imageshack.us
Jose,Arnold,4/3/2016,4,6D,jarnoldnk@google.nl
Harold,Kelley,3/28/2016,6,6D,hkelleynl@stumbleupon.com
Wayne,George,6/23/2015,6,6C,wgeorgenm@meetup.com
Tina,Wright,12/16/2015,6,4D,twrightnn@bing.com
Nicole,Russell,3/13/2016,6,1B,nrussellno@linkedin.com
Scott,Anderson,8/27/2015,5,5B,sandersonnp@example.com
Jeffrey,Tucker,8/12/2015,3,6D,jtuckernq@ow.ly
Lillian,Armstrong,2/10/2016,6,1C,larmstrongnr@prlog.org
Cheryl,Andrews,5/28/2015,6,5D,candrewsns@yolasite.com
Michael,Young,10/4/2015,3,6C,myoungnt@illinois.edu
Sandra,Diaz,2/4/2016,6,6C,sdiaznu@scribd.com
Rachel,Martinez,11/8/2015,6,4A,rmartineznv@cornell.edu
Roger,Henry,7/25/2015,6,5D,rhenrynw@toplist.cz
Sandra,Mccoy,12/24/2015,6,6C,smccoynx@amazon.co.jp
William,Cunningham,6/29/2015,6,6A,wcunninghamny@bigcartel.com
Raymond,Bennett,8/2/2015,6,6A,rbennettnz@chron.com
Tammy,Gordon,5/27/2015,6,5D,tgordono0@ehow.com
Brenda,Anderson,11/20/2015,5,4D,bandersono1@alexa.com
Ruby,Henry,8/15/2015,6,5D,rhenryo2@yandex.ru
Carol,Williams,10/16/2015,6,6B,cwilliamso3@typepad.com
Howard,Griffin,9/30/2015,5,2D,hgriffino4@yahoo.co.jp
Janice,Jacobs,7/7/2015,6,6D,jjacobso5@sun.com
Brandon,Nguyen,11/26/2015,5,2D,bnguyeno6@epa.gov
Elizabeth,Gomez,4/7/2016,6,3B,egomezo7@sina.com.cn
Betty,Marshall,9/20/2015,6,5B,bmarshallo8@macromedia.com
Cynthia,King,7/8/2015,3,6A,ckingo9@theglobeandmail.com
Marilyn,Stanley,7/7/2015,5,5C,mstanleyoa@rambler.ru
Shawn,Wood,11/1/2015,6,5A,swoodob@hud.gov
Gregory,Cooper,8/18/2015,6,6D,gcooperoc@stumbleupon.com
Jennifer,Jackson,6/4/2015,5,6D,jjacksonod@pinterest.com
Judy,Griffin,1/6/2016,5,6B,jgriffinoe@about.me
Jean,Johnson,4/6/2016,5,6D,jjohnsonof@twitpic.com
Barbara,Russell,10/2/2015,6,5C,brussellog@slashdot.org
Sandra,Knight,4/11/2016,4,6C,sknightoh@oaic.gov.au
Janice,Hall,11/20/2015,4,4C,jhalloi@canalblog.com
Patrick,Cunningham,8/20/2015,4,5D,pcunninghamoj@theguardian.com
Judy,White,3/10/2016,6,3C,jwhiteok@ustream.tv
Denise,Hanson,7/10/2015,6,6D,dhansonol@wiley.com
Kathleen,James,12/4/2015,6,5B,kjamesom@addtoany.com
Phyllis,Harrison,2/7/2016,1,4D,pharrisonon@ocn.ne.jp
Kathryn,Williamson,2/12/2016,6,5A,kwilliamsonoo@google.co.uk
Stephen,Morrison,5/9/2015,6,6C,smorrisonop@usgs.gov
Emily,Rogers,2/2/2016,5,6D,erogersoq@tiny.cc
Samuel,Brown,12/22/2015,4,6D,sbrownor@army.mil
Paula,Reed,12/16/2015,6,6D,preedos@51.la
Phyllis,Bradley,2/29/2016,6,2B,pbradleyot@linkedin.com
Rose,Frazier,4/23/2015,6,6D,rfrazierou@simplemachines.org
Anne,Lynch,10/15/2015,3,5D,alynchov@answers.com
Bruce,Mills,4/23/2015,6,4D,bmillsow@ted.com
Louise,Russell,12/21/2015,6,6C,lrussellox@1688.com
Sandra,Shaw,9/8/2015,4,5B,sshawoy@microsoft.com
Aaron,Bell,11/28/2015,3,6D,abelloz@adobe.com
Christopher,Owens,4/17/2016,5,3B,cowensp0@nbcnews.com
Patrick,Kelley,9/12/2015,6,6C,pkelleyp1@intel.com
Joyce,Romero,7/23/2015,5,5D,jromerop2@princeton.edu
Douglas,Coleman,8/12/2015,6,3C,dcolemanp3@exblog.jp
Patrick,Willis,1/29/2016,6,5C,pwillisp4@mapquest.com
Virginia,Harrison,3/2/2016,5,6C,vharrisonp5@addtoany.com
Anthony,Gardner,9/19/2015,6,6C,agardnerp6@goo.gl
Andrew,Morrison,11/29/2015,4,2D,amorrisonp7@webs.com
Richard,Payne,8/19/2015,4,4A,rpaynep8@dailymotion.com
Kathleen,Powell,2/23/2016,5,6D,kpowellp9@princeton.edu
Charles,Hicks,11/29/2015,3,6D,chickspa@shareasale.com
Joyce,Dunn,11/11/2015,6,6D,jdunnpb@sourceforge.net
Alice,Meyer,2/22/2016,6,6D,ameyerpc@msu.edu
Ernest,Powell,5/31/2015,6,5C,epowellpd@dailymail.co.uk
Chris,Mason,7/18/2015,4,6D,cmasonpe@yandex.ru
Marie,Mendoza,2/27/2016,6,6D,mmendozapf@mit.edu
Deborah,Payne,8/13/2015,6,6D,dpaynepg@lulu.com
Justin,Cooper,1/1/2016,6,6A,jcooperph@epa.gov
Kathy,Ford,9/22/2015,6,4D,kfordpi@opera.com
Louise,Weaver,12/5/2015,6,6D,lweaverpj@dailymotion.com
Ruby,Johnston,10/21/2015,4,4A,rjohnstonpk@tinyurl.com
Donald,Collins,1/3/2016,6,6C,dcollinspl@naver.com
Raymond,Gordon,2/20/2016,5,6C,rgordonpm@google.nl
Judy,Rose,11/21/2015,6,6B,jrosepn@kickstarter.com
Craig,Mills,11/17/2015,6,6D,cmillspo@economist.com
Richard,Wagner,6/14/2015,6,6C,rwagnerpp@psu.edu
Doris,Gray,5/7/2015,6,5B,dgraypq@amazon.com
Denise,Myers,7/3/2015,5,6C,dmyerspr@samsung.com
Angela,Bailey,10/26/2015,5,6D,abaileyps@ftc.gov
Louis,Mills,4/30/2015,6,6C,lmillspt@deviantart.com
Raymond,Spencer,12/9/2015,6,3C,rspencerpu@cdc.gov
Kathleen,Foster,5/24/2015,4,5D,kfosterpv@google.pl
Victor,Burke,2/10/2016,6,4D,vburkepw@typepad.com
Amy,Robertson,3/4/2016,5,5D,arobertsonpx@hud.gov
Kevin,Reyes,8/3/2015,6,6D,kreyespy@gravatar.com
Kathryn,Roberts,11/8/2015,4,2D,krobertspz@sciencedirect.com
Victor,Stanley,5/6/2015,6,6C,vstanleyq0@wired.com
Arthur,Rivera,6/12/2015,6,6A,ariveraq1@delicious.com
Henry,Long,1/28/2016,5,4C,hlongq2@netscape.com
Shawn,Matthews,4/28/2015,5,4C,smatthewsq3@aboutads.info
Jimmy,Stone,5/8/2015,6,3D,jstoneq4@ow.ly
Cheryl,Greene,6/23/2015,5,4D,cgreeneq5@state.tx.us
Judith,Berry,5/15/2015,4,6D,jberryq6@dedecms.com
Anna,White,3/11/2016,5,5A,awhiteq7@freewebs.com
Lisa,Evans,6/13/2015,6,6D,levansq8@xing.com
Brenda,Jackson,6/3/2015,5,6A,bjacksonq9@printfriendly.com
Irene,Ward,7/13/2015,6,6B,iwardqa@patch.com
Louise,Lawson,1/14/2016,5,5B,llawsonqb@techcrunch.com
Kathy,Garcia,5/8/2015,5,6D,kgarciaqc@google.co.uk
Carlos,Stewart,5/16/2015,6,5D,cstewartqd@xrea.com
Barbara,Stewart,9/14/2015,5,6C,bstewartqe@ask.com
Jose,Alexander,12/4/2015,5,5D,jalexanderqf@usatoday.com
Rose,Oliver,8/2/2015,4,6D,roliverqg@kickstarter.com
Louise,Daniels,4/17/2016,6,4D,ldanielsqh@example.com
Cynthia,Stone,1/9/2016,6,5C,cstoneqi@nyu.edu
Sandra,Schmidt,9/3/2015,5,6A,sschmidtqj@netvibes.com
Barbara,Hudson,1/21/2016,1,5A,bhudsonqk@constantcontact.com
Rebecca,Bishop,5/4/2015,6,4D,rbishopql@alibaba.com
Nicholas,Lewis,4/17/2016,6,6D,nlewisqm@bloomberg.com
Albert,Fowler,10/23/2015,5,5D,afowlerqn@japanpost.jp
Maria,Allen,2/24/2016,5,6D,mallenqo@quantcast.com
Amy,Carroll,8/1/2015,5,5D,acarrollqp@hubpages.com
Randy,Palmer,4/19/2015,6,3B,rpalmerqq@odnoklassniki.ru
Timothy,Sanchez,7/7/2015,4,6A,tsanchezqr@mozilla.org
Martin,Barnes,7/1/2015,6,6C,mbarnesqs@xinhuanet.com
Kevin,Evans,4/6/2016,6,6D,kevansqt@dagondesign.com
Charles,Mason,2/5/2016,5,6A,cmasonqu@acquirethisname.com
Julie,Bailey,11/1/2015,6,6C,jbaileyqv@pagesperso-orange.fr
Betty,Montgomery,11/8/2015,6,6D,bmontgomeryqw@cdc.gov
Donald,Price,3/7/2016,5,6C,dpriceqx@elpais.com
Russell,Jenkins,11/19/2015,1,1D,rjenkinsqy@skype.com
Stephen,Torres,8/22/2015,1,5D,storresqz@japanpost.jp
Lawrence,Williams,6/4/2015,5,5C,lwilliamsr0@shutterfly.com
Rachel,Butler,11/14/2015,2,5C,rbutlerr1@nps.gov
Steve,Matthews,2/25/2016,6,1B,smatthewsr2@technorati.com
Carlos,Day,8/29/2015,6,6D,cdayr3@msn.com
Brian,Green,12/19/2015,5,6B,bgreenr4@archive.org
Martha,Hicks,9/12/2015,6,6C,mhicksr5@theatlantic.com
Wanda,Berry,8/16/2015,5,6B,wberryr6@yale.edu
Roger,Weaver,4/28/2015,1,6C,rweaverr7@dedecms.com
Shirley,Martin,1/29/2016,1,6D,smartinr8@bandcamp.com
Louis,Lynch,10/20/2015,6,6D,llynchr9@ovh.net
Catherine,Walker,8/3/2015,6,3B,cwalkerra@netlog.com
Fred,Watkins,4/8/2016,5,6B,fwatkinsrb@hostgator.com
Jason,Perkins,7/11/2015,4,2C,jperkinsrc@google.pl
Stephanie,Burns,6/5/2015,5,5A,sburnsrd@ezinearticles.com
Carolyn,Ward,2/23/2016,5,4D,cwardre@merriam-webster.com
Fred,Mitchell,8/31/2015,5,5D,fmitchellrf@nps.gov
Lillian,Cruz,3/22/2016,4,5B,lcruzrg@dmoz.org
Peter,Bailey,12/27/2015,5,6D,pbaileyrh@google.fr
Jennifer,Bell,3/7/2016,6,4C,jbellri@seattletimes.com
Ronald,Mason,7/14/2015,6,6C,rmasonrj@google.ca
Evelyn,Montgomery,8/24/2015,5,2C,emontgomeryrk@ucla.edu
Albert,Boyd,6/25/2015,6,5D,aboydrl@yellowbook.com
Jeffrey,Hunter,10/16/2015,3,6B,jhunterrm@chron.com
David,Wagner,4/30/2015,6,6D,dwagnerrn@surveymonkey.com
Juan,Baker,5/25/2015,6,6D,jbakerro@ifeng.com
Donald,Freeman,5/10/2015,2,5D,dfreemanrp@chronoengine.com
Susan,Wells,4/19/2015,6,5C,swellsrq@abc.net.au
Lori,Patterson,5/20/2015,4,6D,lpattersonrr@amazonaws.com
